1,Pintura rapida y facil Goku Kid impresa en resina,Pintura rapida y facil Goku Kid impresa en resina,C7PvQjhzJdQ,Print&Paint Studio,Sin categor칤a,0,0,beginner,2025-04-22 2025-04-22 15,NULL
1,Ya tengo la GK 3 Ultra !! - Uniformation GK 3 ultra review,Ya tengo la GK 3 Ultra !! - Uniformation GK 3 ultra review,GaENeBmHQUc,Print&Paint Studio,Sin categor칤a,0,0,beginner,2025-04-22 2025-04-22 15,NULL
2,Lavado y Curado de resina Uniformation GKtwo. Puesta en marcha y funcionamiento,Lavado y Curado de resina Uniformation GKtwo. Puesta en marcha y funcionamiento,dU2YoAcBb98,Print&Paint Studio,Sin categor칤a,0,0,beginner,2024-06-18 2025-04-22 15,NULL
3,Studio Pro aprende a pintar estatuas premium,Studio Pro aprende a pintar estatuas premium,P1OTTPIK5lU,Print&Paint Studio,Sin categor칤a,0,0,beginner,2024-06-07 2025-04-22 15,NULL
4,游꿛vallejo game air mi opini칩n despu칠s de 5 meses + tutorial pintando mickey mouse impreso en resina,游꿛vallejo game air mi opini칩n despu칠s de 5 meses + tutorial pintando mickey mouse impreso en resina,PPT28NzmGqo,Print&Paint Studio,Sin categor칤a,0,0,beginner,2024-05-19 2025-04-22 15,NULL
5,Ojos profesionales en tus figuras Facil y rapido!/ Impresion 3D,Ojos profesionales en tus figuras Facil y rapido!/ Impresion 3D,zJOFSe1KCLQ,Print&Paint Studio,Sin categor칤a,0,0,beginner,2024-05-10 2025-04-22 15,NULL
6,Como conseguir STL gratis y de pago en 2024 para imprimir en 3D. Descarga los mejores STL 2024,Como conseguir STL gratis y de pago en 2024 para imprimir en 3D. Descarga los mejores STL 2024,2wi6ROJo-gI,Print&Paint Studio,Sin categor칤a,0,0,beginner,2024-05-03 2025-04-22 15,NULL
7,Como pintar fuego con efecto OSL/Ghost rider impresion 3/DHow to paint fire with OSL/Ghost Rider,Como pintar fuego con efecto OSL/Ghost rider impresion 3/DHow to paint fire with OSL/Ghost Rider,iamJMus2N3g,Print&Paint Studio,Sin categor칤a,0,0,beginner,2025-04-22 2025-04-22 15,NULL
8,Sacamos Nuestra nueva estatua de la serie dinosaurios. Prefieres en Kit o terminada?,Sacamos Nuestra nueva estatua de la serie dinosaurios. Prefieres en Kit o terminada?,3-R904Zgu_c,Print&Paint Studio,Sin categor칤a,0,0,beginner,2025-04-22 2025-04-22 15,NULL
9,Como pintar al Correcaminos impreso en resina 3d/How to paint the Road Runner printed in 3D resin.,Como pintar al Correcaminos impreso en resina 3d/How to paint the Road Runner printed in 3D resin.,n_g4FetyXzc,Print&Paint Studio,Sin categor칤a,0,0,beginner,2025-04-22 2025-04-22 15,NULL
10,Como pintar a Piccolo impresi칩n en resina 3D/ Lucas Perez patreon,Como pintar a Piccolo impresi칩n en resina 3D/ Lucas Perez patreon,RP4T5-IN95A,Print&Paint Studio,Sin categor칤a,0,0,beginner,2024-03-29 2025-04-22 15,NULL
11,Pintando resina oficial de Crisanta del videojuego blasphemous/gu칤a Aerograf칤a en estatuas,Pintando resina oficial de Crisanta del videojuego blasphemous/gu칤a Aerograf칤a en estatuas,5zY-Y8yGCWY,Print&Paint Studio,Sin categor칤a,0,0,beginner,2024-03-18 2025-04-22 15,NULL
12,Como pintar baby yoda realista impreso en resina 3d con pintura acrilica,Como pintar baby yoda realista impreso en resina 3d con pintura acrilica,CSfifryg6HA,Print&Paint Studio,Sin categor칤a,0,0,beginner,2024-02-09 2025-04-22 15,NULL
13,Como pintar Goku namek facil y rapido impreso en resina 3D con acrilicos/impresion 3D,Como pintar Goku namek facil y rapido impreso en resina 3D con acrilicos/impresion 3D,z8PEz4jI93s,Print&Paint Studio,Sin categor칤a,0,0,beginner,2024-02-02 2025-04-22 15,NULL
14,Como pintar estilo cartoon nivel f치cil y r치pido en impresiones 3d /Pato lucas looney tunes.,Como pintar estilo cartoon nivel f치cil y r치pido en impresiones 3d /Pato lucas looney tunes.,pDoxeo5DrxE,Print&Paint Studio,Sin categor칤a,0,0,beginner,2025-04-22 2025-04-22 15,NULL
15,Aerografos Gaahleri Ace GHAD-98D y Advanced GHAD-68. Buena calidad precio?,Aerografos Gaahleri Ace GHAD-98D y Advanced GHAD-68. Buena calidad precio?,TdUlOdM7Zk4,Print&Paint Studio,Sin categor칤a,0,0,beginner,2025-04-22 2025-04-22 15,NULL
16,Como pintar lampara aladdin impresa en 3d facil/How to paint Aladdin lamp printed in 3D easy,Como pintar lampara aladdin impresa en 3d facil/How to paint Aladdin lamp printed in 3D easy,sHSTquuTHFo,Print&Paint Studio,Sin categor칤a,0,0,beginner,2025-04-22 2025-04-22 15,NULL
17,Como pintar c3po impreso en 3d Facil y rapido/How to paint c3po printed in 3d Easy and fast/3d print,Como pintar c3po impreso en 3d Facil y rapido/How to paint c3po printed in 3d Easy and fast/3d print,aOQ7TIM34do,Print&Paint Studio,Sin categor칤a,0,0,beginner,2025-04-22 2025-04-22 15,NULL
18,Como pintar cell Dragon ball impreso en resina 3d/Paint cell printed in 3d resin,Como pintar cell Dragon ball impreso en resina 3d/Paint cell printed in 3d resin,s--u3qiNolg,Print&Paint Studio,Sin categor칤a,0,0,beginner,2025-04-22 2025-04-22 15,NULL
19,Easythreed k7 Impresora econ칩mica para principiantes. Todo lo que necesitas saber antes de comprarla,Easythreed k7 Impresora econ칩mica para principiantes. Todo lo que necesitas saber antes de comprarla,32_abjrxQqo,Print&Paint Studio,Sin categor칤a,0,0,beginner,2025-04-22 2025-04-22 15,NULL
20,TwoTrees SP-5 V3 imprimiendo Terminator a tama침o real (Busto),TwoTrees SP-5 V3 imprimiendo Terminator a tama침o real (Busto),SGsg7Jf2RFc,Print&Paint Studio,Sin categor칤a,0,0,beginner,2023-11-24 2025-04-22 15,NULL
21,Como pintar Kame Hame Ha y efectos de energ칤a en figuras impresas en resina 3D transparente.,Como pintar Kame Hame Ha y efectos de energ칤a en figuras impresas en resina 3D transparente.,t4Qn7pKmNEo,Print&Paint Studio,Sin categor칤a,0,0,beginner,2023-11-10 2025-04-22 15,NULL
22,Pinta armas realistas a escala impresas en resina /Paint realistic scale weapons printed in 3d resin,Pinta armas realistas a escala impresas en resina /Paint realistic scale weapons printed in 3d resin,g2Y3sAzVj4Y,Print&Paint Studio,Sin categor칤a,0,0,beginner,2025-04-22 2025-04-22 15,NULL
23,uniformation GK2 Impresi칩n de resina en 8K. Realmente imprime tan bien? Opini칩n sincera.,uniformation GK2 Impresi칩n de resina en 8K. Realmente imprime tan bien? Opini칩n sincera.,SZYWeO0rKhA,Print&Paint Studio,Sin categor칤a,0,0,beginner,2025-04-22 2025-04-22 15,NULL
24,Experiencia como colaboradores en Freak wars 2023. Resumen del evento y nuestro stand.,Experiencia como colaboradores en Freak wars 2023. Resumen del evento y nuestro stand.,w83a04XcO3M,Print&Paint Studio,Sin categor칤a,0,0,beginner,2025-04-22 2025-04-22 15,NULL
25,UniFormation GKtwo todo lo que necesitas saber sobre su montaje y puesta en marcha.,UniFormation GKtwo todo lo que necesitas saber sobre su montaje y puesta en marcha.,DVOxFWQGPrg,Print&Paint Studio,Sin categor칤a,0,0,beginner,2025-04-22 2025-04-22 15,NULL
26,buzz lightyear repaint/ convierte un juguete en figura de colecci칩n premium. Parte 2,buzz lightyear repaint/ convierte un juguete en figura de colecci칩n premium. Parte 2,746L8Hyhm9E,Print&Paint Studio,Sin categor칤a,0,0,beginner,2025-04-21 2025-04-22 15,NULL
27,buzz lightyear repaint/ convierte un juguete en figura de colecci칩n premium. Parte 1,buzz lightyear repaint/ convierte un juguete en figura de colecci칩n premium. Parte 1,enytEp6Bfp8,Print&Paint Studio,Sin categor칤a,0,0,beginner,2025-04-22 2025-04-22 15,NULL
28,"Cambios Importantes en el canal. Nueva etapa, no te pierdas este video.","Cambios Importantes en el canal. Nueva etapa, no te pierdas este video.",vA-cOUzHgF8,Print&Paint Studio,Sin categor칤a,0,0,beginner,2025-04-22 2025-04-22 15,NULL
29,游깳游댠Pintar Thanos realista impreso en 3D parte 2/游깳游댠Paint realistic Thanos printed in 3D part 2,游깳游댠Pintar Thanos realista impreso en 3D parte 2/游깳游댠Paint realistic Thanos printed in 3D part 2,_UszZR7JvAk,Print&Paint Studio,Sin categor칤a,0,0,beginner,2025-04-22 2025-04-22 15,NULL
30,游깳游댠Pintar piel Thanos realista impreso en resina 3D/游깳游댠Paint realistic Thanos skin printed in 3D resin,游깳游댠Pintar piel Thanos realista impreso en resina 3D/游깳游댠Paint realistic Thanos skin printed in 3D resin,k4jTJkoLV74,Print&Paint Studio,Sin categor칤a,0,0,beginner,2025-04-22 2025-04-22 15,NULL
31,游댠Crea carteles para imprimir en 3D facil sin saber modelar游땔/impresi칩n 3D,游댠Crea carteles para imprimir en 3D facil sin saber modelar游땔/impresi칩n 3D,wbk0Upc6aT8,Print&Paint Studio,Sin categor칤a,0,0,beginner,2023-07-28 2025-04-22 15,NULL
32,Pintar efecto madera hiperrealista en impresi칩n 3D/Paint hyperrealistic wood effect in 3D printing,Pintar efecto madera hiperrealista en impresi칩n 3D/Paint hyperrealistic wood effect in 3D printing,EALMV1klhlU,Print&Paint Studio,Sin categor칤a,0,0,beginner,2023-07-07 2025-04-22 15,NULL
33,Pintar efecto fuego realista en resina transparente/Paint realistic fire effect in transparent resin,Pintar efecto fuego realista en resina transparente/Paint realistic fire effect in transparent resin,LJPeG-LbyVI,Print&Paint Studio,Sin categor칤a,0,0,beginner,2023-06-30 2025-04-22 15,NULL
34,Geeetech Alkaid Impresora de resina con buena calidad precio por menos de 100 euros,Geeetech Alkaid Impresora de resina con buena calidad precio por menos de 100 euros,FhWCiNzgsGk,Print&Paint Studio,Sin categor칤a,0,0,beginner,2023-06-27 2025-04-22 15,NULL
35,Pintando una Base de Dragon Ball en el menor tiempo posible/Impresi칩n de resina 3D/aerograf칤a,Pintando una Base de Dragon Ball en el menor tiempo posible/Impresi칩n de resina 3D/aerograf칤a,gejM5LCVqXU,Print&Paint Studio,Sin categor칤a,0,0,beginner,2023-06-23 2025-04-22 15,NULL
36,游댠Como conseguir m치xima transparencia en impresi칩n 3D facil/游댠How to get transparency in 3D printing,游댠Como conseguir m치xima transparencia en impresi칩n 3D facil/游댠How to get transparency in 3D printing,VlAGF0U4Cv4,Print&Paint Studio,Sin categor칤a,0,0,beginner,2023-06-16 2025-04-22 15,NULL
37,Como poner soportes en chitubox Facil 2023/Impresi칩n de resina 3D,Como poner soportes en chitubox Facil 2023/Impresi칩n de resina 3D,m08DuQzPh_E,Print&Paint Studio,Sin categor칤a,0,0,beginner,2023-05-26 2025-04-22 15,NULL
38,"Tutorial de chitubox facil 2023 Orientaci칩n, piezas Huecas y Agujeros/impresi칩n de resina 3d.","Tutorial de chitubox facil 2023 Orientaci칩n, piezas Huecas y Agujeros/impresi칩n de resina 3d.",p2QkZZBQlcQ,Print&Paint Studio,Sin categor칤a,0,0,beginner,2023-05-19 2025-04-22 15,NULL
39,Como escalar figuras de impresion 3D facil y r치pido/How to scale 3D printing figures easy and fast.,Como escalar figuras de impresion 3D facil y r치pido/How to scale 3D printing figures easy and fast.,0Zvqzxw7ahA,Print&Paint Studio,Sin categor칤a,0,0,beginner,2023-05-12 2025-04-22 15,NULL
40,Como pintar Joker Arkham impreso en resina 3d/tutorial aerograf칤a en espa침ol/Impresi칩n 3D,Como pintar Joker Arkham impreso en resina 3d/tutorial aerograf칤a en espa침ol/Impresi칩n 3D,Vss8rd8xQMc,Print&Paint Studio,Sin categor칤a,0,0,beginner,2025-04-22 2025-04-22 15,NULL
41,Como pintar She Hulk realista impresi칩n 3D resina/Como pintar impresiones 3D de resina/ Vx- labs.,Como pintar She Hulk realista impresi칩n 3D resina/Como pintar impresiones 3D de resina/ Vx- labs.,bZqzeX5sdWs,Print&Paint Studio,Sin categor칤a,0,0,beginner,2025-04-22 2025-04-22 15,NULL
42,"Objetivo 3D Printer Party 2023/ Directo 12H, Estatua underworld de 1m de altura impresa en resina 3D","Objetivo 3D Printer Party 2023/ Directo 12H, Estatua underworld de 1m de altura impresa en resina 3D",7e2cahXz6bY,Print&Paint Studio,Sin categor칤a,0,0,beginner,2023-03-06 2025-04-22 15,NULL
43,Como pintar Majin Vegeta Dragon ball impreso en resina 3d/Paint Majin Vegeta printed in 3d resin,Como pintar Majin Vegeta Dragon ball impreso en resina 3d/Paint Majin Vegeta printed in 3d resin,lVlGkE6vCsk,Print&Paint Studio,Sin categor칤a,0,0,beginner,2023-02-03 2025-04-22 15,NULL
44,Como preparar y usar paleta humeda. Para que sirve la paleta humeda?/impresion 3d/STL Gratis.,Como preparar y usar paleta humeda. Para que sirve la paleta humeda?/impresion 3d/STL Gratis.,Y_yGRtSLGJU,Print&Paint Studio,Sin categor칤a,0,0,beginner,2025-04-22 2025-04-22 15,NULL
45,Como pintar piel negra realista en figuras 1/6 facil/Paint realistic black skin on 1/6 figures,Como pintar piel negra realista en figuras 1/6 facil/Paint realistic black skin on 1/6 figures,oW-uviCH6wI,Print&Paint Studio,Sin categor칤a,0,0,beginner,2025-04-22 2025-04-22 15,NULL
46,Resumen El reto de octubre/entra a formar parte de la comunidad/Tem치tica Halloween/impresi칩n 3D,Resumen El reto de octubre/entra a formar parte de la comunidad/Tem치tica Halloween/impresi칩n 3D,J_P2H18lNsc,Print&Paint Studio,Sin categor칤a,0,0,beginner,2022-11-18 2025-04-22 15,NULL
47,An치lisis actualidad nuevos Stl noviembre 2022/patreons para impresi칩n 3d/archivos impresi칩n 3D,An치lisis actualidad nuevos Stl noviembre 2022/patreons para impresi칩n 3d/archivos impresi칩n 3D,VxF5Vjh6QIo,Print&Paint Studio,Sin categor칤a,0,0,beginner,2022-11-13 2025-04-22 15,NULL
48,Como pintar spider-man impreso en resina 3D facil/How to paint spider-man 3d print/Airbrush tutorial,Como pintar spider-man impreso en resina 3D facil/How to paint spider-man 3d print/Airbrush tutorial,jpPay1-zYMM,Print&Paint Studio,Sin categor칤a,0,0,beginner,2022-11-11 2025-04-22 15,NULL
49,Como pintar figuras disney impresas en 3D/Pintando aladd칤n resina/tutorial aerografia/impresion 3D,Como pintar figuras disney impresas en 3D/Pintando aladd칤n resina/tutorial aerografia/impresion 3D,NwVL73q0zqw,Print&Paint Studio,Sin categor칤a,0,0,beginner,2022-11-04 2025-04-22 15,NULL
50,Como pintar walter white 1/6 de breaking bad impreso en resina 3D/Figura custom/tutorial aerograf칤a.,Como pintar walter white 1/6 de breaking bad impreso en resina 3D/Figura custom/tutorial aerograf칤a.,rI7dENIqU9U,Print&Paint Studio,Sin categor칤a,0,0,beginner,2022-10-28 2025-04-22 15,NULL
51,Como pintar efecto oxido y corrosi칩n con acrilicos f치cil y r치pido en impresiones 3d/Aerografia,Como pintar efecto oxido y corrosi칩n con acrilicos f치cil y r치pido en impresiones 3d/Aerografia,crvcqSh6Kto,Print&Paint Studio,Sin categor칤a,0,0,beginner,2022-10-21 2025-04-22 15,NULL
52,Participa en El Reto de la Comunidad y 치lzate con el trofeo!!!/entra a formar parte de la comunidad,Participa en El Reto de la Comunidad y 치lzate con el trofeo!!!/entra a formar parte de la comunidad,XtpSpLMqFhQ,Print&Paint Studio,Sin categor칤a,0,0,beginner,2022-10-14 2025-04-22 15,NULL
53,Como pintar Majin Buu Dragon ball impreso en resina 3d/tutorial aerografia en espa침ol/impresi칩n 3d,Como pintar Majin Buu Dragon ball impreso en resina 3d/tutorial aerografia en espa침ol/impresi칩n 3d,EXmEO0aVbNk,Print&Paint Studio,Sin categor칤a,0,0,beginner,2022-10-07 2025-04-22 15,NULL
54,Como pintar Superman metalizado realista//Impresi칩n resina 3d//tutorial aerograf칤a espa침ol,Como pintar Superman metalizado realista//Impresi칩n resina 3d//tutorial aerograf칤a espa침ol,MQLWSMlkPqE,Print&Paint Studio,Sin categor칤a,0,0,beginner,2025-04-22 2025-04-22 15,NULL
55,Como hacer efecto agua en impresiones 3d/Diorama con agua/tutorial aerograf칤a/impresi칩n resina 3D,Como hacer efecto agua en impresiones 3d/Diorama con agua/tutorial aerograf칤a/impresi칩n resina 3D,clRQy3Ahg3E,Print&Paint Studio,Sin categor칤a,0,0,beginner,2025-04-22 2025-04-22 15,NULL
56,Como pintar piel femenina en impresiones 3d游꿛//Figura Lara Croft Angelina Jolie escala 1/5 游땘,Como pintar piel femenina en impresiones 3d游꿛//Figura Lara Croft Angelina Jolie escala 1/5 游땘,WaWRJ-bUuis,Print&Paint Studio,Sin categor칤a,0,0,beginner,2022-02-21 2025-04-22 15,NULL
57,Como pintar pieles realistas en impresiones 3D//Parte 2 textura realista y lavados//Aerograf칤a,Como pintar pieles realistas en impresiones 3D//Parte 2 textura realista y lavados//Aerograf칤a,ychOJ8P8s_M,Print&Paint Studio,Sin categor칤a,0,0,beginner,2025-04-22 2025-04-22 15,NULL
58,Como pintar pieles realistas en impresiones 3D//Parte 1//Color base y sombreado b치sico//Aerografia,Como pintar pieles realistas en impresiones 3D//Parte 1//Color base y sombreado b치sico//Aerografia,lBnITz1NyBU,Print&Paint Studio,Sin categor칤a,0,0,beginner,2025-04-22 2025-04-22 15,NULL
59,Como Quitar l칤neas de uni칩n y preparar para pintar impresiones 3D//Postprocesado impresi칩n de resina,Como Quitar l칤neas de uni칩n y preparar para pintar impresiones 3D//Postprocesado impresi칩n de resina,Ik8kepP_K3c,Print&Paint Studio,Sin categor칤a,0,0,beginner,2021-11-26 2025-04-22 15,NULL
60,Como pintar efecto metal realista//Impresi칩n 3D resina//Tutorial aerograf칤a espa침ol,Como pintar efecto metal realista//Impresi칩n 3D resina//Tutorial aerograf칤a espa침ol,4LSLmF1VhUQ,Print&Paint Studio,Sin categor칤a,0,0,beginner,2021-11-12 2025-04-22 15,NULL
61,Como pintar Hulk realista//Impresi칩n 3d resina//Tutorial aer칩grafo en espa침ol,Como pintar Hulk realista//Impresi칩n 3d resina//Tutorial aer칩grafo en espa침ol,y8mkmK9wHD0,Print&Paint Studio,Sin categor칤a,0,0,beginner,2021-11-05 2025-04-22 15,NULL
62,Como hacer limpiador aer칩grafo casero barato// limpieza aer칩grafo f치cil//Aerograf칤a en espa침ol,Como hacer limpiador aer칩grafo casero barato// limpieza aer칩grafo f치cil//Aerograf칤a en espa침ol,feCLklW2tWI,Print&Paint Studio,Sin categor칤a,0,0,beginner,2025-04-22 2025-04-22 15,NULL
63,Como pintar Darth Vader 3/3 // Efecto lava con iluminacion led//Impresion 3D resina//aerograf칤a,Como pintar Darth Vader 3/3 // Efecto lava con iluminacion led//Impresion 3D resina//aerograf칤a,ecu6v8zH6jQ,Print&Paint Studio,Sin categor칤a,0,0,beginner,2025-04-22 2025-04-22 15,NULL
64,Como pintar Darth Vader 2/3 // Cara realista e iluminaci칩n forzada//Impresion 3D resina//aerograf칤a,Como pintar Darth Vader 2/3 // Cara realista e iluminaci칩n forzada//Impresion 3D resina//aerograf칤a,K6RJyGI9GGw,Print&Paint Studio,Sin categor칤a,0,0,beginner,2025-04-22 2025-04-22 15,NULL
65,Como pintar Darth Vader 1/3 //Impresi칩n 3d resina//tutorial aer칩grafo en espa침ol.,Como pintar Darth Vader 1/3 //Impresi칩n 3d resina//tutorial aer칩grafo en espa침ol.,PZ5oB8Lid30,Print&Paint Studio,Sin categor칤a,0,0,beginner,2025-04-22 2025-04-22 15,NULL
66,Repintado Robocop Hot Toys Diecast,Repintado Robocop Hot Toys Diecast,9kBOEUn8CaQ,Print&Paint Studio,Sin categor칤a,0,0,beginner,2021-07-23 2025-04-22 15,NULL
67,Como hacer moldes de silicona de doble cara//Robocop 1/6 Hot Toys//Tutorial moldes en espa침ol,Como hacer moldes de silicona de doble cara//Robocop 1/6 Hot Toys//Tutorial moldes en espa침ol,_V_gdFP7YaU,Print&Paint Studio,Sin categor칤a,0,0,beginner,2021-07-16 2025-04-22 15,NULL
68,Como hacer diluyente acr칤lico casero para aer칩grafo//Tutorial aer칩grafo en espa침ol//impresion 3D,Como hacer diluyente acr칤lico casero para aer칩grafo//Tutorial aer칩grafo en espa침ol//impresion 3D,od_hBpxfCWA,Print&Paint Studio,Sin categor칤a,0,0,beginner,2021-06-04 2025-04-22 15,NULL
69,Como Pintar Darth Maul realista impreso en 3D//Tutorial aer칩grafo en espa침ol,Como Pintar Darth Maul realista impreso en 3D//Tutorial aer칩grafo en espa침ol,HCZV7HRnsQs,Print&Paint Studio,Sin categor칤a,0,0,beginner,2021-05-28 2025-04-22 15,NULL
70,Como cambiar el FEP r치pido y sencillo a tu impresora de resina//Elegoo mars//Tutorial impresion 3d,Como cambiar el FEP r치pido y sencillo a tu impresora de resina//Elegoo mars//Tutorial impresion 3d,tvpIByDpWB0,Print&Paint Studio,Sin categor칤a,0,0,beginner,2021-05-21 2025-04-22 15,NULL
71,"Elegoo Saturn, como nivelar la cama y prueba de calidad//Impresora de resina 4k mono//Impresi칩n 3D","Elegoo Saturn, como nivelar la cama y prueba de calidad//Impresora de resina 4k mono//Impresi칩n 3D",j-ijacTdxcU,Print&Paint Studio,Sin categor칤a,0,0,beginner,2021-05-14 2025-04-22 15,NULL
72,Como pintar Wolverine realista impreso en 3D//Tutorial aer칩grafo en espa침ol,Como pintar Wolverine realista impreso en 3D//Tutorial aer칩grafo en espa침ol,zU3NClCpcoI,Print&Paint Studio,Sin categor칤a,0,0,beginner,2021-05-07 2025-04-22 15,NULL
73,Como pintar Batman realista impreso en 3D//Tutorial aer칩grafo en espa침ol//impresi칩n 3D,Como pintar Batman realista impreso en 3D//Tutorial aer칩grafo en espa침ol//impresi칩n 3D,VjUy1T7t6Hg,Print&Paint Studio,Sin categor칤a,0,0,beginner,2025-04-22 2025-04-22 15,NULL
74,Postprocesado de impresiones 3D FDM 2021 / Alisado con resina/ Tutorial en espa침ol,Postprocesado de impresiones 3D FDM 2021 / Alisado con resina/ Tutorial en espa침ol,xeGk31nfT7Q,Print&Paint Studio,Sin categor칤a,0,0,beginner,2025-04-22 2025-04-22 15,NULL
75,Como Pintar The Mandalorian/Parte 3/Tutorial Diorama Espa침ol Airbrush,Como Pintar The Mandalorian/Parte 3/Tutorial Diorama Espa침ol Airbrush,JuSHR4f7_so,Print&Paint Studio,Sin categor칤a,0,0,beginner,2021-03-26 2025-04-22 15,NULL
76,Como Pintar The Mandalorian/Parte dos/Tutorial espa침ol airbrush,Como Pintar The Mandalorian/Parte dos/Tutorial espa침ol airbrush,slDu8BcxWFc,Print&Paint Studio,Sin categor칤a,0,0,beginner,2021-03-12 2025-04-22 15,NULL
77,Como Pintar The Mandalorian/Parte uno/tutorial espa침ol airbrush,Como Pintar The Mandalorian/Parte uno/tutorial espa침ol airbrush,ToczWtX8QLg,Print&Paint Studio,Sin categor칤a,0,0,beginner,2021-02-26 2025-04-22 15,NULL
78,How to paint Iron Man//Como pintar Iron Man 1/8//Timelapse airbrush//Part 2,How to paint Iron Man//Como pintar Iron Man 1/8//Timelapse airbrush//Part 2,UuoE3GXejuc,Print&Paint Studio,Sin categor칤a,0,0,beginner,2021-02-05 2025-04-22 15,NULL
79,Como pintar casco de Iron Man metalizado// impresion 3D resina// Tutorial en espa침ol,Como pintar casco de Iron Man metalizado// impresion 3D resina// Tutorial en espa침ol,XW5UBhK1QBU,Print&Paint Studio,Sin categor칤a,0,0,beginner,2025-04-22 2025-04-22 15,NULL
80,Como pintar caras realistas para nuestras figuras //Tony Stark//Tutorial en espa침ol.,Como pintar caras realistas para nuestras figuras //Tony Stark//Tutorial en espa침ol.,w_eQEeSSa-o,Print&Paint Studio,Sin categor칤a,0,0,beginner,2025-04-22 2025-04-22 15,NULL
81,How to paint Iron Man Base 1/8//Timelapse Airbrush// Pat One,How to paint Iron Man Base 1/8//Timelapse Airbrush// Pat One,mNOw4krVvF0,Print&Paint Studio,Sin categor칤a,0,0,beginner,2025-04-22 2025-04-22 15,NULL
82,How to Paint Batmobile Diorama//Timelapse Airbrush,How to Paint Batmobile Diorama//Timelapse Airbrush,XVuN6ygbOC8,Print&Paint Studio,Sin categor칤a,0,0,beginner,2025-04-22 2025-04-22 15,NULL
83,How to paint Facehugger and Alien Egg// Timelapse Airbrush,How to paint Facehugger and Alien Egg// Timelapse Airbrush,ribKHdQCMV4,Print&Paint Studio,Sin categor칤a,0,0,beginner,2025-04-22 2025-04-22 15,NULL
84,How to paint The Mask//Timelapse Airbrush,How to paint The Mask//Timelapse Airbrush,vvMSg9-6M6U,Print&Paint Studio,Sin categor칤a,0,0,beginner,2020-11-27 2025-04-22 15,NULL
85,How to paint Freddy Krueger // Timelapse Airbrush//Part 2,How to paint Freddy Krueger // Timelapse Airbrush//Part 2,I_QdyG3y4og,Print&Paint Studio,Sin categor칤a,0,0,beginner,2020-11-20 2025-04-22 15,NULL
86,How to paint Freddy Krueger Diorama// Timelapse Airbrush//Part 1,How to paint Freddy Krueger Diorama// Timelapse Airbrush//Part 1,v_IDAWv8X2U,Print&Paint Studio,Sin categor칤a,0,0,beginner,2020-11-13 2025-04-22 15,NULL
87,Painting Robocop Bust// Timelapse Airbrush,Painting Robocop Bust// Timelapse Airbrush,h7Mh1iLttVQ,Print&Paint Studio,Sin categor칤a,0,0,beginner,2020-11-06 2025-04-22 15,NULL
88,3D Print and Paint Spider-Man VS Venom Bust//Part 2,3D Print and Paint Spider-Man VS Venom Bust//Part 2,eJ0WxrTQs7s,Print&Paint Studio,Sin categor칤a,0,0,beginner,2020-10-30 2025-04-22 15,NULL
89,3D Print and Paint Spider-Man VS Venom Bust//Part 1,3D Print and Paint Spider-Man VS Venom Bust//Part 1,MtdgNxIJSHY,Print&Paint Studio,Sin categor칤a,0,0,beginner,2020-10-23 2025-04-22 15,NULL
